Factor,Test,p-value
Combinations,Friedman,7.328238546338327e-14
WS,Friedman,0.0004048549112689395
NC,Friedman,0.021102512414100234
