Factor,Test,p-value
Combinations,Friedman,4.380797310142954e-14
WS,Friedman,0.0001395500408364631
NC,Friedman,0.018909228242395843
